City_ID,City,Lat,Lng,Max Temp,Humidity,Cloudiness,Wind Speed,Country,Date
0,bluff,-46.6,168.3333,59.07200000000004,61,75,3.94,NZ,1680480485
1,east london,-33.0153,27.9116,73.47200000000004,70,100,1.37,ZA,1680480485
2,thompson,55.7435,-97.8558,11.516000000000009,86,100,3.95,CA,1680480486
3,gorontalo,0.5412,123.0595,79.68200000000002,84,95,1.07,ID,1680480486
4,komsomolskiy,40.4272,71.7189,52.79000000000002,82,97,3.09,UZ,1680480693
5,punta arenas,-53.15,-70.9167,53.977999999999966,47,75,5.66,CL,1680480515
6,buta,2.7858,24.73,74.066,79,85,1.13,CD,1680480694
7,lovozero,68.005,35.0117,4.28000000000004,100,82,1.44,RU,1680480924
8,bredasdorp,-34.5322,20.0403,64.958,91,13,2.67,ZA,1680480924
9,guacimo,10.2104,-83.6807,73.36400000000003,96,81,0.76,CR,1680480695
10,tazovskiy,67.4667,78.7,10.274000000000012,96,91,4.13,RU,1680480489
11,jamestown,42.097,-79.2353,39.10999999999998,32,0,0.0,US,1680480748
12,bilibino,68.0546,166.4372,-5.97999999999999,95,93,1.4,RU,1680480925
13,hasaki,35.7333,140.8333,56.06600000000001,56,100,8.46,JP,1680480925
14,new norfolk,-42.7826,147.0587,64.184,61,46,1.34,AU,1680480925
15,yellowknife,62.456,-114.3525,17.185999999999964,82,100,1.95,CA,1680480544
16,kaitangata,-46.2817,169.8464,61.196000000000055,57,41,1.76,NZ,1680480925
17,merzifon,40.8733,35.4631,46.13000000000004,93,75,1.54,TR,1680480696
18,rikitea,-23.1203,-134.9692,80.29399999999998,82,51,6.74,PF,1680480655
19,sao joao da barra,-21.6403,-41.0511,75.16400000000004,74,60,4.99,BR,1680480773
20,abu samrah,35.3029,37.1841,51.08000000000004,86,48,1.44,SY,1680480926
21,mataura,-46.1927,168.8643,58.748000000000026,54,57,1.25,NZ,1680480926
22,puerto ayora,-0.7393,-90.3518,81.82400000000001,90,94,4.47,EC,1680480926
23,bengkulu,-3.8004,102.2655,73.74199999999999,91,99,1.79,ID,1680480926
24,pangkalanbuun,-2.6833,111.6167,76.71199999999996,89,100,0.73,ID,1680480926
25,celestun,20.8667,-90.4,79.142,82,2,9.27,MX,1680480926
26,comodoro rivadavia,-45.8667,-67.5,53.725999999999985,40,0,2.57,AR,1680480926
27,havelock,34.8791,-76.9013,61.016000000000005,66,0,0.45,US,1680480493
28,tilichiki,60.4667,166.1,27.824000000000012,96,100,0.49,RU,1680480494
29,beringovskiy,63.05,179.3167,25.466000000000008,83,99,2.75,RU,1680480494
30,pokhara,28.2333,83.9833,57.127999999999965,73,59,2.47,NP,1680480902
31,morant bay,17.8815,-76.4093,82.292,81,13,4.24,JM,1680480494
32,cabo san lucas,22.8909,-109.9124,81.87799999999996,61,100,2.06,MX,1680480345
33,butaritari,3.0707,172.7902,82.02200000000005,78,52,5.55,KI,1680480494
34,tuktoyaktuk,69.4541,-133.0374,5.648000000000025,93,27,4.73,CA,1680480495
35,sao miguel do araguaia,-13.275,-50.1628,74.04800000000003,89,99,1.7,BR,1680480428
36,hilo,19.7297,-155.09,74.51600000000002,93,100,3.58,US,1680480495
37,kapaa,22.0752,-159.319,81.46400000000003,81,20,5.66,US,1680480495
38,ushuaia,-54.8,-68.3,55.32799999999996,47,20,4.12,AR,1680480460
39,gurupa,-1.405,-51.64,73.38200000000002,98,55,1.42,BR,1680480496
40,busselton,-33.65,115.3333,62.725999999999985,81,1,4.66,AU,1680480496
41,peniche,39.3558,-9.3811,54.193999999999974,86,59,4.94,PT,1680480496
42,nyrob,60.733,56.7202,34.88000000000004,100,100,1.22,RU,1680480496
43,isla vista,34.4133,-119.861,69.04399999999998,67,0,4.12,US,1680480497
44,yulara,-25.2406,130.9889,76.71199999999996,42,43,3.82,AU,1680480497
45,sur,22.5667,59.5289,78.35,63,4,1.64,OM,1680480497
46,pevek,69.7008,170.3133,-14.782000000000018,96,100,1.37,RU,1680480497
47,airai,-8.9266,125.4092,66.38000000000005,74,67,0.92,TL,1680480497
48,mukhen,48.1,136.1,54.859999999999985,47,2,1.43,RU,1680480498
49,vanimo,-2.6741,141.3028,81.76999999999995,78,100,1.52,PG,1680480498
50,albany,42.6001,-73.9662,36.89600000000005,29,16,1.79,US,1680480699
51,port alfred,-33.5906,26.891,71.45600000000003,78,100,1.34,ZA,1680480498
52,havre-saint-pierre,50.2334,-63.5986,28.327999999999964,70,88,10.77,CA,1680480499
53,cape town,-33.9258,18.4232,65.39000000000001,89,23,0.89,ZA,1680480916
54,chingola,-12.529,27.8838,61.84399999999997,99,100,1.52,ZM,1680480499
55,port lincoln,-34.7333,135.8667,66.434,54,49,2.88,AU,1680480499
56,georgetown,5.4112,100.3354,78.99800000000002,87,20,1.54,MY,1680480235
57,coahuayana,18.7333,-103.6833,81.89600000000004,58,91,2.43,MX,1680480499
58,hobart,-42.8794,147.3294,64.52599999999998,63,20,4.63,AU,1680480401
59,atuona,-9.8,-139.0333,81.392,76,38,6.5,PF,1680480500
60,kushmurun,52.4503,64.6311,30.164000000000033,77,0,2.95,KZ,1680480500
61,sao jose da coroa grande,-8.8978,-35.1478,79.12400000000002,79,100,2.19,BR,1680480500
62,nouadhibou,20.931,-17.0347,77.25199999999998,47,3,4.12,MR,1680480500
63,vaini,-21.2,-175.2,84.63200000000002,65,40,5.14,TO,1680480501
64,nikolskoye,59.7035,30.7861,28.561999999999955,96,100,5.19,RU,1680480501
65,qaanaaq,77.484,-69.3632,-14.56600000000001,64,5,1.04,GL,1680480501
66,chimbote,-9.0853,-78.5783,79.10600000000002,77,67,2.84,PE,1680480502
67,santa fe,-31.6333,-60.7,74.24600000000005,65,30,0.89,AR,1680480241
68,faanui,-16.4833,-151.75,83.26400000000004,68,100,2.93,PF,1680480502
69,te anau,-45.4167,167.7167,56.33599999999997,55,33,0.73,NZ,1680480502
70,vao,-22.6667,167.4833,78.44000000000003,81,23,3.03,NC,1680480503
71,carnarvon,-24.8667,113.6333,75.61400000000003,75,72,3.83,AU,1680480503
72,kuala kedah,6.1,100.3,79.03399999999999,83,99,1.63,MY,1680480503
73,pandan,14.0453,124.1694,81.03200000000001,81,100,3.74,PH,1680480503
74,longyearbyen,78.2186,15.6401,17.708000000000006,86,100,3.09,SJ,1680480503
75,hermanus,-34.4187,19.2345,66.07400000000001,92,52,2.72,ZA,1680480504
76,ziarat,30.3823,67.7282,45.10399999999995,71,1,1.88,PK,1680480504
77,san patricio,28.017,-97.5169,83.44399999999997,72,100,6.92,US,1680480504
78,avarua,-21.2078,-159.775,82.72400000000002,69,75,3.09,CK,1680480504
79,half moon bay,37.4636,-122.4286,57.70399999999995,68,75,8.23,US,1680480504
80,saint-augustin,51.226,-58.6502,32.12599999999999,84,96,7.48,CA,1680480505
81,castro,-24.7911,-50.0119,60.13399999999999,94,58,3.24,BR,1680480505
82,twin falls,42.3505,-114.6445,37.20199999999998,70,100,6.17,US,1680480505
83,carapegua,-25.8,-57.2333,68.95399999999995,33,0,1.92,PY,1680480505
84,ilulissat,69.2167,-51.1,-0.11200000000000898,85,40,2.06,GL,1680480506
85,sao filipe,14.8961,-24.4956,76.40600000000003,63,0,2.68,CV,1680480506
86,sitka,57.0531,-135.33,42.961999999999954,70,75,2.57,US,1680480506
87,sao gabriel da cachoeira,-0.1303,-67.0892,73.77799999999996,97,75,0.32,BR,1680480416
88,kawalu,-7.3817,108.2082,72.87799999999996,94,100,0.46,ID,1680480507
89,dingle,10.9995,122.6711,80.834,71,100,3.41,PH,1680480507
90,barrow,71.2906,-156.7887,5.288000000000043,85,100,4.12,US,1680480508
91,ylivieska,64.0833,24.55,5.432000000000016,98,29,1.16,FI,1680480508
92,palmer,42.1584,-72.3287,40.81999999999996,24,20,4.63,US,1680480508
93,ulagan,50.6321,87.9563,0.7879999999999932,80,44,1.07,RU,1680480508
94,graneros,-34.0667,-70.7333,68.91799999999998,41,64,2.05,CL,1680480509
95,chulym,55.0997,80.9572,15.925999999999988,85,64,4.07,RU,1680480509
96,talnakh,69.4865,88.3972,13.96400000000003,96,100,3.78,RU,1680480509
97,norman wells,65.282,-126.8329,23.23399999999999,72,99,0.78,CA,1680480510
98,geraldton,-28.7667,114.6,66.88399999999999,88,22,2.57,AU,1680480510
99,dryden,49.7833,-92.7503,32.73800000000004,100,100,1.94,CA,1680480510
100,provideniya,64.3833,-173.3,14.377999999999961,57,20,2.0,RU,1680480510
101,naze,28.3667,129.4833,65.60600000000002,69,5,9.42,JP,1680480510
102,aklavik,68.2191,-135.0107,17.041999999999994,81,100,2.81,CA,1680480511
103,lebu,-37.6167,-73.65,53.88800000000005,81,2,6.46,CL,1680480511
104,safaga,26.7292,33.9365,70.19600000000005,38,0,4.3,EG,1680480511
105,kalmunai,7.4167,81.8167,76.94600000000005,87,10,2.78,LK,1680480512
106,mana,5.6592,-53.7767,76.76600000000002,84,85,3.67,GF,1680480512
107,kavieng,-2.5744,150.7967,85.02799999999996,69,100,5.41,PG,1680480512
108,chernyshkovskiy,48.4219,42.2308,44.00600000000003,78,34,1.94,RU,1680480512
109,vilya,55.2456,42.2089,40.67599999999999,88,99,1.74,RU,1680480512
110,ostrovnoy,68.0531,39.5131,16.358000000000004,88,100,2.79,RU,1680480513
111,paka,4.6374,103.4368,76.64000000000001,90,91,2.13,MY,1680480513
112,chokurdakh,70.6333,147.9167,-3.496000000000002,89,67,5.85,RU,1680480513
113,wittlich,49.9833,6.8833,38.030000000000044,69,100,5.14,DE,1680480514
114,paragominas,-2.9667,-47.4833,72.12200000000004,98,98,1.36,BR,1680480514
115,mahebourg,-20.4081,57.7,78.53000000000004,83,85,3.8,MU,1680480514
116,matara,5.9485,80.5353,75.57799999999997,90,7,1.4,LK,1680480514
117,katsuura,35.1333,140.3,53.690000000000026,69,100,8.67,JP,1680480514
118,chapais,49.7834,-74.8492,13.42400000000001,97,100,1.43,CA,1680480514
119,natchitoches,31.7668,-93.1335,77.25199999999998,57,100,4.63,US,1680480515
120,hithadhoo,-0.6,73.0833,82.52599999999998,69,10,3.04,MV,1680480515
121,saint george,37.1041,-113.5841,71.52799999999996,20,0,4.63,US,1680480423
122,arraial do cabo,-22.9661,-42.0278,76.892,69,67,5.5,BR,1680480515
123,sinnamary,5.3833,-52.95,76.74800000000002,84,82,4.25,GF,1680480515
124,upata,8.0086,-62.3989,76.45999999999998,71,72,3.58,VE,1680480515
125,bethel,41.3712,-73.414,45.03200000000002,32,0,2.57,US,1680480277
126,chuy,-33.6971,-53.4616,64.4,76,76,1.54,UY,1680480516
127,nizwa,22.9333,57.5333,72.55399999999995,28,25,1.91,OM,1680480514
128,constitucion,-35.3333,-72.4167,57.95600000000003,73,11,6.35,CL,1680480516
129,pimentel,-6.8367,-79.9342,82.958,74,100,6.17,PE,1680480516
130,codrington,-38.2667,141.9667,60.85399999999996,62,0,2.57,AU,1680480516
131,pacifica,37.6138,-122.4869,59.09000000000002,71,75,8.23,US,1680480516
132,puerto escondido,15.85,-97.0667,85.29800000000003,70,20,3.6,MX,1680480516
133,san carlos de bariloche,-41.1456,-71.3082,47.35399999999995,68,0,2.67,AR,1680480517
134,lavrentiya,65.5833,-171.0,7.483999999999991,74,44,1.0,RU,1680480517
135,bilma,18.6853,12.9164,75.27200000000005,7,80,3.24,NE,1680480517
136,vostok,46.4856,135.8833,51.87200000000004,53,4,0.66,RU,1680480517
137,tanabe,33.7333,135.3667,58.36999999999996,77,91,1.2,JP,1680480466
138,victoria,22.2855,114.1577,71.924,89,98,0.45,HK,1680480449
139,upernavik,72.7868,-56.1549,-20.146,98,71,1.08,GL,1680480517
140,buala,-8.145,159.5921,85.56799999999998,69,94,4.37,SB,1680480517
141,ixtapa,20.7,-105.2,76.49600000000005,78,20,4.12,MX,1680480518
142,clyde river,70.4692,-68.5914,-16.42000000000001,98,9,1.5,CA,1680480518
143,yantal,56.8471,105.2542,12.34399999999997,91,100,2.57,RU,1680480518
144,ketchikan,55.3422,-131.6461,47.13800000000005,49,20,4.12,US,1680480518
145,hue,16.4667,107.6,75.57799999999997,88,40,0.51,VN,1680480518
146,seymchan,62.8833,152.4333,-3.028000000000013,82,87,0.72,RU,1680480518
147,mandalgovi,45.7625,106.2708,11.011999999999954,45,60,6.21,MN,1680480518
148,diamantino,-14.4086,-56.4461,74.53399999999999,86,61,1.5,BR,1680480518
149,kununurra,-15.7667,128.7333,75.45199999999997,94,74,2.06,AU,1680480519
150,ancud,-41.8697,-73.8203,51.38599999999997,75,8,1.59,CL,1680480519
151,mandapam,9.2833,79.1167,83.89399999999998,74,20,6.59,IN,1680480338
152,chippewa falls,44.9369,-91.3929,49.24399999999997,57,0,7.72,US,1680480408
153,port dickson,2.5228,101.7959,76.90999999999998,85,100,5.03,MY,1680480519
154,ponta do sol,32.6667,-17.1,69.27799999999996,83,2,1.25,PT,1680480519
155,santa cruz del sur,20.7147,-77.9956,78.98000000000005,69,6,2.44,CU,1680480519
156,barmer,25.75,71.3833,72.42799999999997,61,0,4.4,IN,1680480519
157,khatanga,71.9667,102.5,7.411999999999953,95,100,4.8,RU,1680480519
158,lara,-38.0167,144.4,63.03200000000002,84,75,1.03,AU,1680480520
159,pangai,-19.8,-174.35,80.90600000000003,64,3,6.13,TO,1680480440
160,inirida,3.8653,-67.9239,75.10999999999999,95,60,1.49,CO,1680480520
161,caceres,39.522,-6.3748,46.75999999999998,52,90,1.87,ES,1680480520
162,guerrero negro,27.9769,-114.0611,62.311999999999955,63,1,9.25,MX,1680480430
163,karpogory,64.0019,44.4451,19.741999999999997,94,100,3.09,RU,1680480520
164,khani,41.9563,42.9566,39.038000000000046,77,92,0.97,GE,1680480520
165,severo-kurilsk,50.6789,156.125,33.061999999999955,85,97,6.62,RU,1680480521
166,chernyshevskiy,63.0128,112.4714,13.496000000000048,93,100,4.78,RU,1680480521
167,vila velha,-20.3297,-40.2925,78.22400000000002,71,0,4.63,BR,1680480521
168,aswan,24.0934,32.907,69.00800000000001,17,44,3.64,EG,1680480521
169,sioux lookout,50.1001,-91.917,35.94199999999999,69,100,2.06,CA,1680480521
170,kailua,21.4022,-157.7394,79.05199999999998,90,100,0.89,US,1680480410
171,altay,47.8667,88.1167,10.741999999999994,48,0,5.16,CN,1680480521
172,saskylakh,71.9167,114.0833,17.132000000000016,96,100,0.88,RU,1680480522
173,nalut,30.3333,10.85,53.33000000000004,62,2,3.02,LY,1680480522
174,hervey bay,-25.2986,152.8535,75.59600000000006,68,70,5.17,AU,1680480487
175,srednekolymsk,67.45,153.6833,0.22999999999998977,82,19,2.26,RU,1680480522
176,borogontsy,62.6683,131.1683,10.922000000000036,91,60,2.23,RU,1680480522
177,tarrafal,15.2833,-23.7667,72.51799999999999,85,0,4.64,CV,1680480522
178,turukhansk,65.8167,87.9833,27.283999999999992,89,100,3.53,RU,1680480523
179,kloulklubed,7.0419,134.2556,83.174,70,28,0.98,PW,1680480523
180,port macquarie,-31.4333,152.9167,71.16799999999998,81,92,1.62,AU,1680480523
181,namatanai,-3.6667,152.4333,85.24399999999997,66,57,2.9,PG,1680480523
182,barreirinha,-2.7933,-57.07,72.23000000000005,99,100,0.71,BR,1680480523
183,bosaso,11.2842,49.1816,82.34600000000006,71,65,1.63,SO,1680480523
184,cherskiy,68.75,161.3,-14.655999999999977,90,57,2.29,RU,1680480523
185,boa vista,2.8197,-60.6733,82.65199999999999,61,40,6.69,BR,1680480523
186,lakhdenpokhya,61.5198,30.1992,21.398000000000025,88,9,5.45,RU,1680480524
187,bolshaya martynovka,47.271,41.6679,44.94199999999999,71,32,2.95,RU,1680480524
188,leningradskiy,69.3833,178.4167,-5.278000000000013,86,100,5.33,RU,1680480524
189,charters towers,-20.1,146.2667,81.93200000000002,64,32,4.35,AU,1680480524
190,thanh hoa,19.8,105.7667,75.25399999999996,91,49,2.48,VN,1680480524
191,sorland,67.667,12.6934,37.52599999999999,67,100,11.73,NO,1680480524
192,husavik,66.0449,-17.3389,33.65600000000003,83,100,4.06,IS,1680480524
193,cidreira,-30.1811,-50.2056,69.11600000000001,65,9,3.22,BR,1680480524
194,vardo,70.3705,31.1107,25.051999999999975,80,100,5.14,NO,1680480524
195,esperance,-33.8667,121.9,66.14600000000004,72,70,3.54,AU,1680480525
196,moscow,55.7522,37.6156,45.40999999999998,90,99,1.9,RU,1680480378
197,port blair,11.6667,92.75,78.29600000000005,77,98,3.11,IN,1680480525
198,lorengau,-2.0226,147.2712,84.66799999999998,69,97,3.57,PG,1680480525
199,sawtell,-30.3833,153.1,70.08800000000005,78,75,3.09,AU,1680480525
200,souillac,-20.5167,57.5167,76.424,87,99,3.65,MU,1680480525
201,kimbe,-5.5502,150.1429,87.81799999999998,64,69,0.8,PG,1680480525
202,auki,-8.7676,160.7034,86.16199999999995,65,63,0.88,SB,1680480525
203,yelizovo,53.1873,158.3805,39.61400000000003,60,0,3.13,RU,1680480525
204,atar,20.5169,-13.0499,84.326,6,0,3.64,MR,1680480526
205,waharoa,-37.7667,175.7667,69.60199999999998,61,4,5.05,NZ,1680480526
206,ribeira grande,38.5167,-28.7,56.04800000000003,68,75,0.89,PT,1680480526
207,bastia,42.6667,9.3333,57.55999999999998,59,0,2.06,FR,1680480526
208,touros,-5.1989,-35.4608,78.51199999999996,81,95,2.35,BR,1680480526
209,bambous virieux,-20.3428,57.7575,78.49399999999997,82,82,3.65,MU,1680480526
210,tiksi,71.6872,128.8694,19.417999999999985,80,100,8.48,RU,1680480526
211,chara,56.9064,118.2631,9.95,85,100,1.89,RU,1680480527
212,jalu,29.0331,21.5482,67.28000000000004,15,0,5.67,LY,1680480527
213,saint-philippe,-21.3585,55.7679,76.85600000000002,80,98,3.99,RE,1680480527
214,richards bay,-28.783,32.0377,72.80600000000004,81,38,7.23,ZA,1680480527
215,saldanha,-33.0117,17.9442,62.780000000000044,91,68,4.67,ZA,1680480527
216,los llanos de aridane,28.6585,-17.9182,65.39000000000001,79,100,5.66,ES,1680480527
217,vestmannaeyjar,63.4427,-20.2734,42.25999999999998,93,100,11.32,IS,1680480527
218,mackay,-21.15,149.2,78.94399999999997,81,83,6.02,AU,1680480358
219,tual,-5.6667,132.75,82.38200000000002,73,99,3.07,ID,1680480528
220,jasper,37.2001,-94.3502,75.52400000000002,62,0,7.2,US,1680480339
221,sosua,19.7667,-70.5167,82.65199999999999,78,20,5.14,DO,1680480528
222,luderitz,-26.6481,15.1594,60.061999999999955,87,2,6.05,NA,1680480528
223,batagay,67.6333,134.6333,13.099999999999998,86,100,3.38,RU,1680480528
224,teguise,29.0605,-13.564,61.28599999999997,77,20,10.29,ES,1680480265
225,homorod,46.05,25.2667,44.63599999999997,93,100,1.21,RO,1680480528
226,alakurtti,66.9672,30.3491,0.8240000000000123,99,32,1.47,RU,1680480528
227,bathsheba,13.2167,-59.5167,79.68200000000002,73,40,9.26,BB,1680480529
228,san juan,-31.5375,-68.5364,74.80399999999995,40,1,3.54,AR,1680480529
229,goderich,43.7501,-81.7165,39.182000000000016,65,68,9.15,CA,1680480529
230,beihai,21.4833,109.1,74.73200000000003,91,51,4.97,CN,1680480529
231,isangel,-19.55,169.2667,86.63000000000005,67,2,2.26,VU,1680480529
232,owensboro,37.7742,-87.1133,62.851999999999975,41,0,5.14,US,1680480529
233,plouzane,48.3833,-4.6167,46.99399999999997,87,100,2.06,FR,1680480529
234,saint-ambroise,48.5501,-71.3324,18.841999999999995,80,57,2.69,CA,1680480529
235,salinas,36.6777,-121.6555,60.27799999999996,64,40,7.72,US,1680480509
236,lagoa,39.05,-27.9833,57.272000000000034,59,67,8.81,PT,1680480530
237,slidell,30.2752,-89.7812,75.27200000000005,70,0,2.57,US,1680480530
238,anadyr,64.75,177.4833,7.574000000000012,78,75,5.0,RU,1680480530
239,santiago del estero,-27.7951,-64.2615,70.96999999999997,81,86,1.54,AR,1680480530
240,nanortalik,60.1432,-45.2371,30.59600000000005,90,100,2.63,GL,1680480530
241,mar del plata,-38.0023,-57.5575,69.368,62,0,1.03,AR,1680480530
242,torbay,47.6666,-52.7314,39.65,94,100,9.26,CA,1680480530
243,dikson,73.5069,80.5464,-18.562000000000005,98,96,5.22,RU,1680480531
244,alice springs,-23.7,133.8833,74.48000000000005,41,75,5.14,AU,1680480531
245,oktyabrskiy,54.4815,53.471,35.38399999999999,83,10,1.6,RU,1680480531
246,ternate,0.8,127.4,82.25600000000003,78,100,1.54,ID,1680480473
247,maroantsetra,-15.4333,49.7333,76.1,90,100,0.67,MG,1680480531
248,yarmouth,41.7057,-70.2286,43.23200000000001,47,0,9.83,US,1680480531
249,samarai,-10.6167,150.6667,84.14600000000004,73,86,4.67,PG,1680480531
250,merauke,-8.4667,140.3333,83.75,73,97,1.63,ID,1680480531
251,sibolga,1.7427,98.7792,74.65999999999998,92,100,0.94,ID,1680480432
252,tasiilaq,65.6145,-37.6368,28.832000000000015,92,100,2.98,GL,1680480532
253,lompoc,34.6391,-120.4579,66.05600000000004,72,40,11.18,US,1680480320
254,poum,-20.2333,164.0167,80.85199999999998,75,5,3.07,NC,1680480532
255,rorvik,64.8621,11.2373,37.77799999999996,60,100,3.09,NO,1680480293
256,ahipara,-35.1667,173.1667,65.96600000000001,57,99,5.33,NZ,1680480510
257,klaksvik,62.2266,-6.589,43.98800000000004,82,100,5.59,FO,1680480532
258,brigham city,41.5102,-112.0155,44.29399999999997,78,100,4.92,US,1680480238
259,rolla,37.9514,-91.7713,72.01400000000004,30,0,4.63,US,1680480520
260,north adams,42.7009,-73.1087,36.03200000000002,41,31,1.53,US,1680480533
261,nemuro,43.3236,145.575,35.34800000000003,69,1,5.58,JP,1680480533
262,rio grande,-32.035,-52.0986,59.377999999999965,70,39,4.18,BR,1680480376
263,howard springs,-12.497,131.047,82.25600000000003,93,92,0.52,AU,1680480533
264,amazar,53.858,120.875,17.47400000000001,77,100,3.26,RU,1680480533
265,tanout,14.9709,8.8879,74.48000000000005,7,37,3.79,NE,1680480533
266,saint-junien,45.8833,0.9,46.11199999999995,91,100,1.99,FR,1680480533
267,livingstone,-17.8419,25.8543,64.09399999999997,84,6,0.55,ZM,1680480529
268,durban,-29.8579,31.0292,73.292,92,64,4.44,ZA,1680480533
269,coquimbo,-29.9533,-71.3436,64.56199999999995,81,39,0.83,CL,1680480534
270,mount gambier,-37.8333,140.7667,60.49399999999997,58,10,1.73,AU,1680480534
271,kodiak,57.79,-152.4072,38.983999999999995,45,0,4.63,US,1680480534
272,najran,17.4924,44.1277,67.44200000000001,51,95,3.99,SA,1680480534
273,kysyl-syr,63.8986,122.7617,14.359999999999978,91,95,3.69,RU,1680480534
274,vilhena,-12.7406,-60.1458,69.13399999999999,96,33,1.09,BR,1680480534
275,moranbah,-22.0016,148.0466,75.542,70,86,6.41,AU,1680480534
276,canico,32.6333,-16.85,69.27799999999996,80,20,4.12,PT,1680480535
277,opuwo,-18.0607,13.84,68.61199999999997,38,14,2.07,NA,1680480535
278,salalah,17.0151,54.0924,86.35999999999999,39,0,5.14,OM,1680480535
279,awbari,26.5921,12.7805,69.42200000000004,13,1,4.18,LY,1680480535
280,sisimiut,66.9395,-53.6735,7.322000000000035,78,66,4.15,GL,1680480535
281,oussouye,12.485,-16.5469,74.13800000000005,77,1,3.89,SN,1680480535
282,kirakira,-10.4544,161.9205,86.45,69,84,4.2,SB,1680480535
283,drumnadrochit,57.3344,-4.4799,40.891999999999996,95,99,1.63,GB,1680480535
284,wonthaggi,-38.6044,145.5913,60.09800000000003,64,7,1.52,AU,1680480535
285,tautira,-17.7333,-149.15,83.30000000000001,71,91,2.35,PF,1680480536
286,omboue,-1.5746,9.2618,78.458,85,66,3.67,GA,1680480536
287,oskaloosa,41.2964,-92.6444,70.64600000000004,26,0,4.12,US,1680480536
288,banswara,23.55,74.45,74.44399999999997,39,4,2.4,IN,1680480536
289,ust-koksa,50.2696,85.6108,7.609999999999978,83,30,1.14,RU,1680480536
290,iqaluit,63.7506,-68.5145,3.0560000000000294,80,100,2.78,CA,1680480536
291,puerto ayacucho,5.6639,-67.6236,85.24399999999997,51,100,1.93,VE,1680480536
292,port-gentil,-0.7193,8.7815,82.02200000000005,79,59,5.13,GA,1680480536
293,shimoda,34.6667,138.95,55.38200000000002,67,92,9.38,JP,1680480536
294,bezhanitsy,56.9767,29.8907,27.175999999999988,86,99,4.73,RU,1680480537
295,mimongo,-1.6195,11.6068,69.54800000000003,99,86,0.35,GA,1680480537
296,raga,8.4596,25.678,76.53200000000001,16,12,1.23,SS,1680480537
297,chambar,25.2931,68.812,75.79399999999998,66,2,6.64,PK,1680480537
298,scarborough,54.2797,-0.4044,35.6,84,6,3.36,GB,1680480537
299,kutum,14.2,24.6667,67.94600000000005,14,54,3.66,SD,1680480537
300,ponta delgada,37.7333,-25.6667,56.39000000000002,62,20,3.6,PT,1680480537
301,funehiki,37.4333,140.5833,50.07200000000004,69,44,2.69,JP,1680480537
302,henties bay,-22.116,14.2845,60.656000000000034,91,6,2.49,NA,1680480537
303,lesnoy,57.6198,63.0784,34.17799999999996,81,95,2.57,RU,1680480537
304,belmonte,-15.8631,-38.8828,79.05199999999998,76,53,2.96,BR,1680480538
305,noumea,-22.2763,166.4572,88.05199999999998,99,19,3.82,NC,1680480538
306,olafsvik,64.8945,-23.7142,38.714000000000034,93,100,4.5,IS,1680480538
307,fortuna,40.5982,-124.1573,48.91999999999996,80,99,2.68,US,1680480538
308,christiansburg,37.1298,-80.4089,52.26799999999999,60,0,0.0,US,1680480294
309,ca mau,9.1769,105.15,80.11400000000003,73,14,0.94,VN,1680480355
310,port elizabeth,-33.918,25.5701,70.592,67,100,0.89,ZA,1680480538
311,kontagora,10.3999,5.4695,81.06799999999998,23,19,0.84,NG,1680480539
312,calderitas,18.55,-88.25,82.77799999999996,69,40,4.63,MX,1680480539
313,tromso,69.6496,18.957,28.688000000000045,50,0,5.66,NO,1680480539
314,yermakovskoye,53.2831,92.4003,12.919999999999959,75,78,1.16,RU,1680480539
315,mount isa,-20.7333,139.5,80.63599999999997,28,40,2.57,AU,1680480539
316,natal,-5.795,-35.2094,79.71799999999999,83,0,1.54,BR,1680480278
317,hofn,64.2539,-15.2082,37.77799999999996,97,100,4.44,IS,1680480540
318,kudahuvadhoo,2.6708,72.8944,82.13000000000005,70,31,1.42,MV,1680480540
319,makarov,48.6333,142.8,39.90199999999997,71,13,0.41,RU,1680480540
320,riohacha,11.5444,-72.9072,81.30199999999998,68,14,7.33,CO,1680480540
321,trairi,-3.2778,-39.2689,75.07400000000001,90,100,0.21,BR,1680480456
322,mrakovo,52.7161,56.6244,32.935999999999964,78,7,2.8,RU,1680480541
323,port-cartier,50.0334,-66.8654,20.011999999999954,69,10,11.59,CA,1680480541
324,viedma,-40.8135,-62.9967,60.87200000000004,71,100,4.76,AR,1680480542
325,korneuburg,48.35,16.3333,43.15999999999998,74,88,3.13,AT,1680480542
326,bria,6.5423,21.9863,75.29000000000002,41,10,1.75,CF,1680480543
327,vidim,56.4088,103.1106,10.382000000000016,90,81,2.72,RU,1680480543
328,griffith,41.5284,-87.4237,55.59800000000003,59,0,8.23,US,1680480459
329,conceicao do araguaia,-8.2578,-49.2647,72.98599999999996,93,66,1.79,BR,1680480544
330,ashland,40.8167,-82.2665,44.492,63,66,3.2,US,1680480359
331,berlevag,70.8578,29.0864,26.86999999999996,74,88,7.47,NO,1680480545
332,atambua,-9.1061,124.8925,78.02599999999998,79,85,0.9,ID,1680480545
333,narsaq,60.9167,-46.05,39.685999999999964,76,100,4.02,GL,1680480545
334,lamu,-2.2717,40.902,81.08599999999997,79,49,4.61,KE,1680480545
335,orcopampa,-15.2661,-72.3417,48.650000000000006,88,99,2.47,PE,1680480545
336,tarko-sale,64.9225,77.785,21.398000000000025,90,100,5.21,RU,1680480545
337,longhua,23.6137,114.1919,69.33200000000002,94,100,0.85,CN,1680480546
338,man,7.4125,-7.5538,75.77599999999998,74,36,1.11,CI,1680480546
339,tuatapere,-46.1333,167.6833,59.432000000000016,50,91,1.54,NZ,1680480546
340,mayumba,-3.432,10.6554,80.38399999999999,85,73,3.56,GA,1680480546
341,korla,41.7597,86.1469,34.285999999999966,26,0,9.36,CN,1680480547
342,miyako,39.6367,141.9525,47.498000000000026,55,5,1.98,JP,1680480547
343,hobyo,5.3505,48.5268,83.31799999999998,74,41,4.54,SO,1680480547
344,dunedin,-45.8742,170.5036,57.866000000000014,54,24,2.78,NZ,1680480381
345,cockburn town,21.4612,-71.1419,77.82799999999997,70,0,7.09,TC,1680480547
346,yamada,39.4667,141.95,47.65999999999998,56,6,2.29,JP,1680480548
347,colares,38.7992,-9.4469,58.04600000000005,57,40,6.71,PT,1680480548
348,kadiri,14.1167,78.1667,76.94600000000005,60,73,2.14,IN,1680480548
349,rocha,-34.4833,-54.3333,63.76999999999996,67,66,1.09,UY,1680480445
350,oriximina,-1.7656,-55.8661,72.35600000000002,96,97,0.96,BR,1680480548
351,malatya,38.5,38.0,46.72400000000001,76,75,1.54,TR,1680480549
352,dicabisagan,17.0818,122.4157,78.04399999999998,83,93,2.09,PH,1680480549
353,vuktyl,63.8567,57.3094,22.406000000000027,95,100,1.66,RU,1680480549
354,alofi,-19.0595,-169.9187,79.86199999999997,79,56,8.7,NU,1680480549
355,mehamn,71.0357,27.8492,26.81600000000001,86,94,7.72,NO,1680480550
356,puerto madryn,-42.7692,-65.0385,59.95399999999995,67,4,7.21,AR,1680480550
357,evensk,61.95,159.2333,17.348000000000024,70,98,5.74,RU,1680480550
358,davila,18.4726,120.5763,80.69000000000003,70,7,4.75,PH,1680480550
359,amarkantak,22.6667,81.75,63.806000000000026,39,23,0.76,IN,1680480551
360,walvis bay,-22.9575,14.5053,62.024000000000015,81,2,2.78,NA,1680480502
361,blagoveshchenka,52.8333,79.8667,25.591999999999995,51,71,1.97,RU,1680480551
362,lazaro cardenas,17.9583,-102.2,82.292,54,94,4.33,MX,1680480551
363,mengyin,35.7069,117.9264,56.24600000000005,41,100,7.42,CN,1680480551
364,kruisfontein,-34.0033,24.7314,66.14600000000004,82,100,5.51,ZA,1680480552
365,amahai,-3.3333,128.9167,80.02400000000002,82,100,1.39,ID,1680480488
366,arawa,-6.2132,155.5367,87.584,64,63,2.32,PG,1680480552
367,neiafu,-18.65,-173.9833,85.15399999999995,65,40,5.14,TO,1680480552
368,voh,-20.9667,164.7,89.45600000000003,54,10,1.36,NC,1680480552
369,naryan-mar,67.6713,53.087,4.550000000000001,98,70,2.29,RU,1680480553
370,kamina,-8.7386,24.9906,63.12200000000004,96,99,0.99,CD,1680480553
371,kyaikkami,16.08,97.5675,80.63599999999997,67,18,2.0,MM,1680480553
372,praya,14.9215,-23.5087,73.25600000000003,81,0,4.92,CV,1680480539
373,okha,53.5739,142.9478,30.91999999999996,66,93,1.99,RU,1680480554
374,balud,10.1476,123.6953,82.076,75,64,2.41,PH,1680480554
375,vinh,18.6667,105.6667,78.22400000000002,77,51,1.59,VN,1680480554
376,aksarka,66.5606,67.7975,11.588000000000044,86,16,4.85,RU,1680480554
377,labuan,5.2767,115.2417,79.826,80,100,2.61,MY,1680480555
378,ambilobe,-13.2,49.05,72.51799999999999,96,95,1.19,MG,1680480431
379,urubicha,-15.3833,-62.95,77.684,78,97,0.75,BO,1680480555
380,belle glade,26.6845,-80.6676,80.33000000000004,60,66,3.03,US,1680480555
381,bangkalan,-7.0455,112.7351,77.21600000000001,82,100,2.17,ID,1680480555
382,porosozero,62.7191,32.727,18.085999999999967,92,94,4.79,RU,1680480556
383,bandarbeyla,9.4942,50.8122,81.08599999999997,77,34,2.79,SO,1680480556
384,balkhash,46.844,74.9804,30.074000000000012,37,1,9.6,KZ,1680480557
385,ishigaki,24.3448,124.1572,71.02400000000002,60,40,5.62,JP,1680480505
386,mahajanga,-15.7167,46.3167,78.16999999999996,84,94,1.08,MG,1680480557
387,olpad,21.3333,72.75,76.226,69,1,1.7,IN,1680480557
388,palaikastron,35.2,26.25,63.23000000000005,60,92,6.61,GR,1680480557
389,pacific grove,36.6177,-121.9166,58.819999999999965,70,40,5.66,US,1680480557
390,tsaratanana,-16.7833,47.65,71.79800000000003,93,100,2.13,MG,1680480558
391,okakarara,-20.5833,17.4333,67.47799999999997,61,89,1.29,NA,1680480558
392,yichun,47.7,128.9,59.377999999999965,24,100,3.27,CN,1680480559
393,santa cruz de la palma,28.6835,-17.7642,69.40399999999995,77,100,5.66,ES,1680480559
394,hudson bay,52.85,-102.3842,17.83399999999999,92,100,6.19,CA,1680480559
395,biltine,14.5333,20.9167,80.85199999999998,13,23,3.27,TD,1680480560
396,port augusta,-32.5,137.7667,69.69200000000001,27,71,2.21,AU,1680480560
397,guane,22.2025,-84.0875,77.43200000000002,75,30,1.48,CU,1680480560
398,cayenne,4.9333,-52.3333,75.50600000000003,88,100,4.12,GF,1680480560
399,broken hill,-31.95,141.4333,64.16600000000001,31,76,2.89,AU,1680480561
400,nara,34.6851,135.8049,57.182000000000016,30,90,1.68,JP,1680480465
401,ust-kut,56.7938,105.7672,12.901999999999976,90,100,1.95,RU,1680480561
402,plettenberg bay,-34.0527,23.3716,64.70600000000003,89,79,4.42,ZA,1680480561
403,inhambane,-23.865,35.3833,73.54399999999998,71,35,2.12,MZ,1680480473
404,munchberg,50.2,11.7833,35.05999999999998,93,100,4.63,DE,1680480562
405,wajid,3.8093,43.2471,74.066,72,100,0.79,SO,1680480562
406,bambanglipuro,-7.95,110.2833,77.37799999999996,83,98,2.22,ID,1680480562
407,kidal,18.4411,1.4078,76.83800000000005,8,41,1.68,ML,1680480563
408,bonnyville,54.2668,-110.735,29.67799999999996,84,99,2.32,CA,1680480563
409,maralal,1.0968,36.698,63.51799999999999,70,76,0.65,KE,1680480563
410,khovu-aksy,51.1333,93.6,1.3820000000000157,84,9,1.33,RU,1680480563
411,araouane,18.9048,-3.5265,79.66400000000004,6,17,5.36,ML,1680480564
412,kromberk,45.9608,13.6656,53.150000000000006,76,91,2.68,SI,1680480564
413,lindi,-10.0,39.7167,72.66199999999995,97,93,1.88,TZ,1680480564
414,hamilton,39.1834,-84.5333,53.24000000000002,58,0,6.17,US,1680480331
415,karabulak,43.3036,44.8964,35.05999999999998,57,64,1.31,RU,1680480565
416,lima,-12.0432,-77.0282,81.17599999999999,64,75,4.63,PE,1680480559
417,acapulco,16.8634,-99.8901,86.09000000000003,62,0,4.63,MX,1680480565
418,mareeba,-17.0,145.4333,81.59000000000003,83,37,1.84,AU,1680480565
419,sungaipenuh,-2.0833,101.3833,64.58000000000004,94,87,0.54,ID,1680480566
420,rock sound,24.9,-76.2,77.93599999999998,73,2,2.15,BS,1680480566
421,yellapur,14.9667,74.7167,62.76199999999996,84,66,0.55,IN,1680480566
422,bannu,32.9854,70.6027,64.11199999999997,83,84,1.13,PK,1680480566
423,torres,-29.3353,-49.7269,62.096000000000046,76,4,1.39,BR,1680480566
424,yulin,22.6333,110.15,73.47200000000004,92,99,5.74,CN,1680480566
425,belyy yar,53.6039,91.3903,14.161999999999953,79,0,0.0,RU,1680480567
426,lucea,18.451,-78.1736,81.12200000000004,77,45,3.63,JM,1680480567
427,batemans bay,-35.7167,150.1833,65.37200000000004,56,11,1.84,AU,1680480567
428,tezu,27.9167,96.1667,60.475999999999985,93,100,2.19,IN,1680480567
429,batagay-alyta,67.8006,130.4114,5.68399999999999,73,100,2.58,RU,1680480567
430,douentza,14.9951,-2.9517,81.33800000000005,8,1,2.14,ML,1680480568
431,puri,19.8,85.85,77.792,84,31,4.39,IN,1680480569
432,porto santo,33.072,-16.3415,65.04800000000003,77,40,3.6,PT,1680480569
433,thai binh,20.45,106.3333,75.29000000000002,92,74,4.97,VN,1680480569
434,daru,-9.0763,143.2092,84.03800000000004,70,100,1.88,PG,1680480569
435,sesvete,45.8311,16.1164,45.067999999999984,63,0,5.66,HR,1680480569
436,maryborough,-25.5333,152.7,79.06999999999996,57,58,3.31,AU,1680480569
437,stephenville,32.2207,-98.2023,76.208,41,52,8.05,US,1680480570
438,zonguldak,41.25,31.8333,48.542,93,100,0.63,TR,1680480570
439,nisia floresta,-6.0911,-35.2086,77.37799999999996,81,90,1.74,BR,1680480570
440,trelew,-43.249,-65.3051,60.83599999999997,49,9,6.26,AR,1680480570
441,thinadhoo,0.5333,72.9333,82.058,69,7,1.66,MV,1680480570
442,paamiut,61.994,-49.6678,27.517999999999983,59,2,4.59,GL,1680480571
443,ballina,-28.8667,153.5667,73.058,75,60,2.46,AU,1680480571
444,necochea,-38.5473,-58.7368,62.88800000000005,72,100,3.41,AR,1680480571
445,portland,45.5234,-122.6762,48.41600000000001,81,75,3.58,US,1680480395
446,kermanshah,34.3142,47.065,34.969999999999956,80,0,2.06,IR,1680480572
447,pasni,25.2631,63.471,75.70399999999995,87,17,4.15,PK,1680480573
448,harper,4.375,-7.7169,79.484,86,31,1.83,LR,1680480573
449,chapleau,47.8405,-83.4034,29.390000000000022,89,100,4.08,CA,1680480573
450,banyo,6.75,11.8167,71.99600000000005,69,63,1.42,CM,1680480573
451,vrangel,42.7297,133.0839,44.34800000000003,62,3,2.92,RU,1680480574
452,bhera,32.4832,72.9097,64.076,75,100,3.16,PK,1680480574
453,pell city,33.5862,-86.2861,69.92599999999999,52,0,0.0,US,1680480575
454,itarema,-2.9248,-39.9167,75.434,89,100,1.55,BR,1680480575
455,rincon,32.296,-81.2354,68.234,57,75,3.09,US,1680480329
456,sola,-13.8833,167.55,83.30000000000001,74,97,6.0,VU,1680480575
457,kogon,39.7228,64.5517,53.906000000000034,94,0,4.12,UZ,1680480576
458,hay river,60.8156,-115.7999,17.83399999999999,57,100,2.06,CA,1680480576
459,puerto baquerizo moreno,-0.9,-89.6,80.63599999999997,76,89,3.28,EC,1680480577
460,ardesen,41.1911,40.9875,54.733999999999995,75,94,1.27,TR,1680480577
461,adrar,20.5022,-10.0711,76.78399999999999,5,0,3.35,MR,1680480577
462,mityana,0.4175,32.0228,62.25800000000001,97,83,0.62,UG,1680480577
463,dingli,35.8614,14.3822,54.08599999999997,82,75,5.14,MT,1680480578
464,kropotkin,45.4375,40.5756,47.588000000000044,66,97,2.41,RU,1680480578
465,melbu,68.5044,14.8297,33.85399999999995,59,75,8.23,NO,1680480578
466,rehoboth,-23.3167,17.0833,61.196000000000055,32,27,1.08,NA,1680480579
467,rosetta,31.4044,30.4164,59.05399999999995,60,4,4.72,EG,1680480579
468,ferry pass,30.5102,-87.2125,70.46600000000001,66,0,2.06,US,1680480579
469,pocatello,42.8713,-112.4455,36.08599999999997,77,100,2.57,US,1680480579
470,san julian,21.0167,-102.1667,82.13000000000005,13,100,4.98,MX,1680480580
471,sale,34.0389,-6.8166,57.01999999999996,100,40,0.0,MA,1680480506
472,fuling,29.7022,107.3919,67.58599999999997,85,23,1.15,CN,1680480580
473,boda,4.3189,17.4695,76.53200000000001,50,40,0.26,CF,1680480580
474,avera,33.194,-82.5271,67.81999999999996,49,87,1.67,US,1680480580
475,zhumadian,32.9794,114.0294,57.32599999999999,98,100,2.96,CN,1680480581
476,carauari,-4.8828,-66.8958,74.75,96,72,0.63,BR,1680480581
477,ayan,56.45,138.1667,22.838000000000044,63,74,1.5,RU,1680480581
478,svetlogorsk,52.6333,29.7333,37.814000000000036,94,100,5.8,BY,1680480581
479,awjilah,29.1081,21.2869,68.05399999999995,14,0,5.96,LY,1680480582
480,vila franca do campo,37.7167,-25.4333,56.08399999999999,61,52,5.39,PT,1680480436
481,akyab,20.15,92.9,74.10199999999998,82,84,1.77,MM,1680480582
482,polunochnoye,60.8697,60.4153,27.40999999999998,97,95,1.05,RU,1680480582
483,barcelos,41.5388,-8.6151,56.11999999999996,67,98,1.87,PT,1680480408
484,edd,13.9297,41.6925,78.13399999999999,74,43,4.57,ER,1680480582
485,newtownards,54.5924,-5.6909,43.80800000000001,88,75,1.54,GB,1680480583
486,urucara,-2.5364,-57.76,71.97799999999997,99,100,0.97,BR,1680480583
487,okhotsk,59.3833,143.3,15.098000000000024,71,31,8.5,RU,1680480309
488,lalmohan,22.3384,90.7419,78.584,74,15,1.95,BD,1680480583
489,tripoli,32.8752,13.1875,59.18000000000004,62,67,8.26,LY,1680480552
490,agua buena,7.8167,-80.4,82.41799999999998,66,41,8.37,PA,1680480584
491,berehove,48.2056,22.6442,43.06999999999996,76,47,7.39,UA,1680480584
492,colac,-38.3333,143.5833,60.440000000000026,59,4,2.34,AU,1680480584
493,ipora,-16.4419,-51.1178,73.11199999999997,79,91,1.34,BR,1680480346
494,anloga,5.7947,0.8973,82.47200000000004,82,28,5.05,GH,1680480585
495,los alamos,35.8881,-106.307,62.924000000000014,14,0,5.66,US,1680480585
496,loandjili,-4.7561,11.8578,79.84399999999997,86,80,3.04,CG,1680480585
497,axim,4.8699,-2.2405,79.50199999999998,87,52,1.08,GH,1680480585
498,maniitsoq,65.4167,-52.9,21.074000000000012,70,11,3.53,GL,1680480586
499,simao,22.7886,100.9748,61.7,60,25,0.62,CN,1680480586
500,poso,-1.3959,120.7524,84.61400000000003,68,100,0.54,ID,1680480586
501,meulaboh,4.1363,96.1285,76.28000000000004,86,100,3.24,ID,1680480587
502,fairbanks,64.8378,-147.7164,31.874000000000013,73,100,7.2,US,1680480549
503,san rafael del sur,11.8485,-86.4384,85.44200000000001,44,78,5.86,NI,1680480588
504,tura,25.5198,90.2201,63.40999999999998,86,25,2.32,IN,1680480298
505,nabire,-3.3667,135.4833,76.56799999999998,88,100,1.57,ID,1680480588
506,atikokan,48.7555,-91.6216,32.9,99,100,1.61,CA,1680480589
507,ahualulco,22.4,-101.1667,87.89000000000001,14,89,2.72,MX,1680480589
508,vaxjo,56.8777,14.8091,27.517999999999983,91,20,1.54,SE,1680480589
509,warmbad,-28.45,18.7333,62.492,50,23,3.69,NA,1680480590
510,avdon,54.6667,55.7167,33.38599999999997,43,0,2.0,RU,1680480590
511,quatre cocos,-20.2078,57.7625,78.368,83,84,3.43,MU,1680480590
512,tari,12.4086,4.4914,81.14000000000001,9,9,4.24,NG,1680480591
513,mitu,1.1983,-70.1733,72.62599999999999,97,83,0.32,CO,1680480591
514,vero beach,27.6386,-80.3973,79.30399999999995,79,0,4.63,US,1680480591
515,kirtipur,27.6667,85.2833,51.998000000000026,89,40,1.03,NP,1680480591
516,quesnel,52.9999,-122.5029,41.774000000000015,45,40,3.6,CA,1680480314
517,logan,41.7355,-111.8344,39.524000000000015,87,100,1.54,US,1680480507
518,lata,40.1629,-8.3327,50.18000000000004,75,99,1.23,PT,1680480591
519,patterson,37.4716,-121.1297,63.28399999999999,62,88,2.53,US,1680480463
520,velyka mykhaylivka,47.0794,29.8514,47.20999999999998,95,100,4.32,UA,1680480592
521,hokitika,-42.7167,170.9667,60.87200000000004,56,60,1.77,NZ,1680480592
522,wanning,18.8003,110.3967,78.42200000000004,84,75,4.88,CN,1680480592
523,fort nelson,58.8053,-122.7002,34.214000000000034,48,100,1.34,CA,1680480593
524,katangli,51.7102,143.2326,33.92599999999999,94,54,2.92,RU,1680480593
525,kesova gora,57.5836,37.2922,34.57400000000001,98,100,2.88,RU,1680480593
526,laguna,38.421,-121.4238,63.37400000000001,58,20,7.72,US,1680480301
527,carnduff,49.1667,-101.8009,25.64600000000005,97,100,4.98,CA,1680480593
528,san jose,37.3394,-121.895,59.12599999999999,63,75,7.2,US,1680480720
529,soyo,-6.1349,12.3689,81.44600000000005,84,33,4.61,AO,1680480593
530,rochegda,62.8,43.25,27.80600000000003,83,100,4.39,RU,1680480594
531,mantua,45.1667,10.7833,51.314000000000036,88,53,1.54,IT,1680480594
532,mouzouras,35.5333,24.15,62.86999999999996,72,20,7.72,GR,1680480594
533,ereymentau,51.6199,73.1033,30.758000000000003,39,2,2.8,KZ,1680480594
534,mananara,-16.1667,49.7667,75.12799999999996,94,100,1.17,MG,1680480594
535,artesia,33.8658,-118.0831,70.96999999999997,61,0,5.14,US,1680480594
536,baruun-urt,46.6806,113.2792,15.13399999999999,54,100,4.51,MN,1680480594
537,high level,58.5169,-117.136,25.93399999999999,76,100,3.0,CA,1680480595
538,listowel,52.4464,-9.485,44.582000000000015,90,94,7.17,IE,1680480595
539,bayonet point,28.3267,-82.6834,78.42200000000004,85,26,0.45,US,1680480394
540,abnub,27.2696,31.1511,64.54399999999998,25,0,1.48,EG,1680480595
541,bhim tal,29.35,79.5667,49.90999999999998,71,1,2.36,IN,1680480595
542,ulladulla,-35.35,150.4667,70.03399999999999,61,22,1.73,AU,1680480595
